"","medv","crim","age","lstat","lak","minute_to_center","happy"
"1",25.7389736762633,0.00632,65.2,4.98,0,2.94870622160235,3.22110762576315
"2",26.073541879696,0.02731,78.9,9.14,0,4.72945127879333,0.770957506295354
"3",38.3340629942488,0.02729,61.1,4.03,0,NA,NA
"4",60.7637179448705,0.03237,45.8,2.94,1,NA,4.30086290908462
"5",40.3289653482095,0.06905,54.2,5.33,0,4.5436578591535,0.154545023214878
"6",47.6706514502487,0.02985,58.7,5.21,1,9.73926369143188,0.361233568209736
"7",40.1759526909419,0.08829,66.6,12.43,1,NA,0.864304134156555
"8",32.1824577862207,0.14455,96.1,19.15,0,5.04106029830068,1.52793699815404
"9",20.0238115820736,0.21124,100,29.93,0,4.19750615370222,1.85915478815802
"10",20.0237798191909,0.17004,85.9,17.1,0,2.37042171268201,4.94319202823049
"11",18.3965945193808,0.22489,94.3,20.45,0,4.12104023238115,NA
"12",20.0163550064348,0.11747,82.9,13.27,0,2.36257804784816,6.92109149383539
"13",24.1067323864839,0.09378,39,15.71,0,3.46895689399846,3.07281812409613
"14",25.307788696278,0.62976,61.8,8.26,0,4.95367979197183,NA
"15",19.2390866808578,0.63796,84.5,10.26,0,2.27934933792281,0.978954989695922
"16",23.2723738066161,0.62739,56.5,8.47,0,NA,6.6342747348004
"17",25.4002258732162,1.05393,29.3,6.58,0,3.39133150341882,0.557658966863528
"18",36.860481677481,0.7842,81.7,14.67,1,9.83882149382765,NA
"19",22.9362287522764,0.80271,36.6,11.69,0,3.69880301738033,0.748561245854944
"20",23.1525183133212,0.7258,69.5,11.28,0,4.97620252467742,0.671403435217063
"21",35.6555520258854,1.25179,98.1,21.02,1,10.5013218277237,1.4653555105906
"22",23.5712026523038,0.85204,89.2,13.83,0,4.45600866937208,3.2948335422084
"23",20.8061513568633,1.23247,91.7,18.72,0,5.29440806741572,1.76635700267482
"24",16.143705918176,0.98843,100,19.88,0,NA,3.42590784177858
"25",17.5600556990496,0.75026,94.1,16.3,0,3.13053964920555,3.00178624805015
"26",16.0060435613419,0.84054,85.7,16.51,0,3.24502970813978,6.70080024251872
"27",19.5959445043745,0.67191,90.3,14.81,0,NA,1.66295418515801
"28",16.5978390463898,0.95577,88.8,17.28,0,NA,NA
"29",34.5512938507542,0.77299,94.4,12.8,1,NA,NA
"30",23.022647552237,1.00245,87.3,11.98,0,3.1801317207287,1.19803248904645
"31",14.5306665529124,1.13081,94.1,22.6,0,NA,5.52830688158208
"32",18.7399330262298,1.35472,100,13.04,0,4.60430940871148,0.231200234343962
"33",17.3382937044731,1.38799,82,27.71,0,4.54878758817833,0.502040162682533
"34",17.9342620138442,1.15172,95,NA,0,4.91643265683777,3.62495668211436
"35",40.4804938982624,1.61282,96.9,20.34,1,11.6147522354681,0.046561686322093
"36",27.7752932914651,0.06417,68.2,9.68,0,6.66156636665324,2.90336702706966
"37",22.9180872172206,0.09744,61.4,11.41,0,3.81974293455766,15.5927642798963
"38",25.3898726717304,0.08014,41.5,8.77,0,4.68501476610822,8.26986063229752
"39",35.2601559920247,0.17505,30.2,10.13,0,7.26641451887544,0.715728011267632
"40",34.9598153104217,0.02763,21.8,4.32,0,4.56060045960055,0.823102613691842
"41",54.9225743058086,0.03359,15.8,1.98,1,NA,0.789180335123092
"42",29.6905250014737,0.12744,2.9,4.84,0,3.93098270250183,4.23214497955
"43",27.1332203551851,0.1415,6.6,5.81,0,3.02755706402464,6.50637870157296
"44",27.0852128419511,0.15936,6.5,7.44,0,3.45341341425484,0.415678925440794
"45",22.2684286309383,0.12269,40,9.55,0,2.31130767200987,0.605893086785915
"46",20.4786748624639,0.17142,33.8,10.21,0,NA,0.387596501144613
"47",22.5848234661325,0.18836,33.3,14.15,0,NA,1.349082327215
"48",20.3312470320663,0.22927,85.5,18.8,0,NA,0.0758876734865266
"49",17.6650111701175,0.25387,95.3,30.81,0,4.04042768164309,1.13027027520847
"50",22.0064061914358,0.21977,62,16.2,0,3.60999043726972,NA
"51",20.6511583363539,0.08873,45.7,13.45,0,2.18077776991823,2.84734433040696
"52",30.568091468777,0.04337,63,9.43,1,7.09510093965443,6.3344376950168
"53",29.3415929780963,0.0536,21.1,5.28,0,4.65918071021953,0.37327645230107
"54",27.3776450926752,0.04981,21.4,8.43,0,NA,NA
"55",25.2092982815134,0.0136,47.6,14.8,0,5.6166263368295,1.61102388170548
"56",36.31918383896,0.01311,21.9,4.81,0,2.14380950524997,3.03320925162772
"57",27.4575353749227,0.02055,35.7,5.77,0,3.71317611683228,3.63684964345253
"58",38.2132403646607,0.01432,40.5,3.95,0,5.75032188866878,4.27211072953664
"59",26.68897220618,0.15445,29.2,NA,0,4.11641361270947,1.42069973311697
"60",25.3980364144306,0.10328,47.2,9.22,0,5.38425315825261,0.334505788050592
"61",34.5165035113974,0.14932,66.2,13.15,1,8.89283518103125,NA
"62",20.1846993915273,0.17171,93.4,14.44,0,4.57422091264037,1.47400144953281
"63",25.6221112475995,0.11027,67.8,6.73,0,NA,2.44782717952922
"64",29.829903757246,0.1265,43.4,9.5,0,4.91421598896813,3.99869254303581
"65",33.9672729767614,0.01951,59.5,8.05,0,2.19917368204668,1.53730422724038
"66",26.1792947471608,0.03584,17.8,4.67,0,3.66011936086845,NA
"67",23.6435346618098,0.04379,31.1,10.24,0,NA,12.647214498567
"68",27.7055345989468,0.05789,21.4,8.1,0,5.34113031059289,3.5995456393881
"69",21.9454056169601,0.13554,36.8,13.09,0,4.76728728783994,3.73650710543102
"70",47.5692604126598,0.12816,33,8.79,1,11.5475669326183,8.2334377984972
"71",27.7174669939158,0.08826,6.6,6.72,0,NA,7.14498167815519
"72",37.9835181052848,0.15876,17.5,9.88,1,9.02316964965328,0.309960545051472
"73",28.085085179974,0.09164,7.8,5.52,0,5.14056669053813,1.9550976184446
"74",26.6222221337157,0.19539,6.2,7.54,0,NA,2.31348393220836
"75",25.7758507747622,0.07896,6,6.78,0,2.89469408984975,1.00623216712847
"76",40.9960467994493,0.09512,45,8.94,1,9.89849655236827,1.70267457375303
"77",40.1709648079483,0.10153,74.5,11.97,1,10.0426502497967,NA
"78",23.9598664091544,0.08707,45.8,10.27,0,NA,7.80083242761803
"79",24.1434804520702,0.05646,53.7,12.34,0,3.83632666236217,NA
"80",34.4230296262474,0.08387,36.6,9.1,1,8.4032819857028,1.3316497404594
"81",31.8194844400105,0.04113,33.5,5.29,0,4.37005974788132,6.57305563302869
"82",26.5196862076886,0.04462,70.4,7.22,0,3.61917546389268,1.24008243787102
"83",29.1299931502101,0.03659,32.2,6.72,0,4.65295236930815,0.0132886634231182
"84",30.247972898011,0.03551,46.7,7.51,0,6.06134180607354,3.30252453208643
"85",24.8709547068042,0.05059,48,9.62,0,2.20335506308475,1.44381694844924
"86",30.8027526166377,0.05735,56.1,6.53,0,4.58407712448086,0.154850667540723
"87",24.6480694173259,0.05188,45.1,12.86,0,3.27724687605763,7.92746396693301
"88",24.4725061711805,0.07151,56.8,8.44,0,3.3708353350323,0.0746686907950789
"89",24.5537911990687,0.0566,86.3,5.5,0,2.18379394525754,8.27861800747824
"90",31.4985836099272,0.05302,63.1,5.7,0,3.74071090163832,NA
"91",26.3578073892541,0.04684,66.1,8.81,0,4.33463227347725,0.941627607680857
"92",23.3238932986635,0.03932,73.9,8.2,0,NA,7.21855450379563
"93",29.9534610582961,0.04203,53.6,8.16,0,5.93862823314278,3.04862427843254
"94",47.0120792825792,0.02875,28.9,6.21,1,10.4909673725971,3.05749312032688
"95",22.7001288878328,0.04294,77.3,10.59,0,3.24046978680002,0.577774094417691
"96",28.9925223141747,0.12204,57.8,6.65,0,1.72122385844302,2.68273445534262
"97",24.4201202891161,0.11504,69.6,11.34,0,3.88594923353105,0.161393870366737
"98",46.7692166201573,0.12083,76,4.21,0,NA,NA
"99",65.5219633410798,0.08187,36.9,3.57,1,10.4216033653848,0.364303111564368
"100",39.463761306607,0.0686,62.5,6.19,0,5.59632080326307,0.0978841961993714
"101",33.0702862243902,0.14866,79.9,9.42,0,5.2774455110357,NA
"102",31.086848376009,0.11432,71.3,7.67,0,4.7889708581328,2.51628651040348
"103",22.5809346714531,0.22876,85.4,10.63,0,4.46146538227804,0.13685183223648
"104",47.4979187586153,0.21161,87.4,13.44,1,NA,2.19917865328183
"105",22.637470299082,0.1396,90,12.33,0,NA,NA
"106",20.7422051806019,0.13262,96.7,16.47,0,NA,0.496420789975492
"107",20.1315840904276,0.1712,91.9,18.66,0,1.77705386866522,NA
"108",21.9919778374428,0.13117,85.2,14.09,0,2.82132755758949,1.79573689576912
"109",44.1521012730665,0.12802,97.1,12.27,1,NA,1.52891353094599
"110",20.3832304451068,0.26363,91.2,NA,0,2.21723977628355,6.76343989992672
"111",42.0285798267921,0.10793,54.4,13,1,10.081810310354,0.593875010963529
"112",24.6145262223301,0.10084,81.6,10.16,0,3.01208086074235,1.0236688493751
"113",23.271721055219,0.12329,92.9,16.21,0,NA,3.93750451949841
"114",20.6410376163407,0.22212,95.4,17.09,0,NA,0.21117849935427
"115",19.7118541313521,0.14231,84.2,10.45,0,2.46155858284148,NA
"116",20.0471433467819,0.17134,88.2,15.76,0,2.95562459285844,0.56278854298302
"117",22.2413804891823,0.13158,72.5,12.04,0,2.28186380967651,NA
"118",23.8152172991116,0.15098,82.6,10.3,0,4.80375753921426,4.93462545310563
"119",21.6482134688306,0.13058,73.1,15.37,0,2.49821283003533,0.594948175130412
"120",22.2714354821306,0.14476,65.2,13.61,0,3.85450092886915,3.5094452963602
"121",41.6712669861908,0.06899,69.7,14.37,1,9.91747623798284,0.690784723265097
"122",24.4942882363665,0.07165,84.1,14.27,0,4.57945861230698,8.09907444189357
"123",25.9111736638292,0.09299,92.9,17.93,0,5.2015255761311,1.22614479856566
"124",24.2476368719556,0.15038,97,25.41,0,5.89391078654723,5.21397347064215
"125",19.8033172064737,0.09849,95.8,NA,0,2.23977365650387,NA
"126",26.2502322423789,0.16902,88.4,14.81,0,NA,2.9603768022612
"127",18.0714803681597,0.38735,95.6,27.26,0,3.44345783200525,2.01006844163615
"128",19.1175875050831,0.25915,96,17.19,0,3.81941586180601,4.41590591778463
"129",23.9349211324035,0.32543,98.8,15.39,0,5.44744028530994,5.03995873012996
"130",16.602311395669,0.88125,94.7,18.34,0,3.39286854716547,NA
"131",23.5792865507889,0.34006,98.9,12.6,0,4.67936243028304,0.147483020950343
"132",22.6520583817932,1.19294,97.7,12.26,0,3.90644235961133,3.01104600297961
"133",25.4638988478739,0.59005,97.9,11.12,0,3.50991370825119,NA
"134",24.255046992409,0.32982,95.4,15.03,0,5.41065938329564,1.43505463027395
"135",38.0977587241678,0.97617,98.4,17.31,1,10.6060734308621,NA
"136",20.9507686138074,0.55778,98.2,16.96,0,3.77542621024927,1.69019259163179
"137",20.2690380833641,0.32264,93.5,16.9,0,3.78750451046869,NA
"138",21.5111941537391,0.35233,98.4,14.59,0,4.69637847374927,0.705582511145622
"139",29.9078223215945,0.2498,98.2,21.32,1,9.1125798546829,1.53067666920833
"140",22.6318038119159,0.54452,97.9,18.46,0,4.91518250521579,0.10158496138332
"141",15.8931251200784,0.2909,93.6,24.16,0,3.07662568415331,0.984413941623643
"142",19.6980608768837,1.62864,100,NA,0,5.14687326290619,8.00519255879235
"143",33.8239082946771,3.32105,100,26.82,1,10.1054213901938,1.2842715845909
"144",17.8634808015829,4.0974,100,26.42,0,3.36413495685211,0.458368624094874
"145",13.7388470542652,2.77974,97.8,29.29,0,3.11355669152273,0.0507023150566965
"146",14.3556866623763,2.37934,100,27.8,0,1.66686331529656,1.77702483377817
"147",18.5714482273675,2.15505,100,16.65,0,NA,NA
"148",18.3272356765705,2.36862,95.7,29.53,0,NA,5.92138337405557
"149",19.9681507762394,2.33099,93.8,28.32,0,3.29253001219384,2.5342835857414
"150",20.8960389789897,2.73397,94.9,21.45,0,5.24215555806467,0.531427622948939
"151",42.9364019720579,1.6566,97.3,14.1,1,10.3528744733185,0.368956987513229
"152",23.8691612614079,1.49632,100,13.28,0,NA,0.48494192189537
"153",37.5621600036265,1.12658,88,12.12,1,10.5503933584551,0.350085687823594
"154",22.7618410327262,2.14918,98.5,15.79,0,4.09990306758962,3.52925553068433
"155",32.7200174751599,1.41385,96,15.12,1,8.86566903148316,0.627914074575529
"156",41.8771005595605,3.53501,82.6,15.02,1,NA,2.35137381784559
"157",19.8458839601503,2.44668,94,16.14,0,NA,4.43477686007923
"158",42.5475712021093,1.22358,97.4,4.59,0,NA,2.55613084227474
"159",27.9733428394112,1.34284,100,6.43,0,4.28564046521124,0.439499702770263
"160",27.9961751969214,1.42502,100,NA,0,4.84570696437649,0.362686896696687
"161",49.90706041775,1.27346,92.6,5.5,1,10.7021167106676,0.774588703643531
"162",51.8055931730858,1.46336,90.8,1.73,0,3.00465736240078,0.687682366415552
"163",81.2855658561034,1.83377,98.2,1.92,1,12.5071111484834,NA
"164",63.154331946231,1.51902,93.9,3.32,1,8.10997285637598,4.36750150264657
"165",25.5022282089772,2.24236,91.8,11.64,0,NA,NA
"166",28.1112543102371,2.924,93,9.81,0,3.94414395670154,NA
"167",52.5275975489144,2.01019,96.2,3.7,0,3.55499476013286,NA
"168",27.1124836463054,1.80028,79.2,12.14,0,4.0696951030178,0.525080040097237
"169",41.5103246647299,2.3004,96.1,11.1,1,9.41018720980883,NA
"170",25.2573099377015,2.44953,95.2,11.32,0,NA,3.14211974375624
"171",19.4081782527353,1.20742,94.6,14.43,0,3.168736540591,2.71192708507854
"172",32.8298944377946,2.3139,97.3,12.03,1,8.28549770315418,0.194149006696487
"173",27.6344609238695,0.13914,88.5,14.69,0,NA,4.69821730141944
"174",25.9440609566029,0.09178,84.1,9.04,0,3.42349306746987,NA
"175",24.8762782663542,0.08447,68.7,9.64,0,NA,0.85727038601771
"176",33.4164732600207,0.06664,33.1,5.33,0,4.48133532555907,4.48178763946003
"177",29.6872225439186,0.07022,47.2,10.11,0,5.69527108394262,NA
"178",25.6024215414136,0.05425,73.4,6.29,0,2.2387737060873,0.0318563037501673
"179",48.2514562547264,0.06642,74.4,6.92,1,9.5790021021833,4.55355174818492
"180",58.4598030407028,0.0578,58.4,5.04,1,10.3101413765047,NA
"181",43.3246626549991,0.06588,83.3,7.56,0,NA,2.00250856335017
"182",40.0673358193449,0.06888,62.2,9.45,0,4.39734909880081,NA
"183",65.2900316641303,0.09103,92.2,4.82,1,11.7025705860145,0.521364151500165
"184",35.7469316178811,0.10008,95.6,5.68,0,NA,1.96095941270247
"185",35.007437386952,0.08308,89.8,13.98,0,6.56027338872093,NA
"186",35.127478355182,0.06047,68.8,13.15,0,5.25712771158455,3.98224180077618
"187",68.2657787994925,0.05602,53.6,4.45,1,9.55661519563607,3.55340581284304
"188",34.4018858104839,0.07875,41.1,6.68,0,3.46546231438456,0.469966484233737
"189",32.0778179817685,0.12579,29.1,4.56,0,NA,4.03074887094504
"190",50.3929386603554,0.0837,38.9,5.39,1,8.80140291668191,1.3139036251232
"191",41.8291817834507,0.09068,21.5,5.1,0,4.91384868684962,0.301515749627163
"192",49.289372948384,0.06911,30.8,4.69,1,9.6926190857745,NA
"193",41.4144094360156,0.08664,26.3,2.87,0,5.00719953467783,0.411634683841839
"194",35.5543430626401,0.02187,9.9,5.03,0,4.71929182327182,5.53589903252357
"195",31.4055965811878,0.01439,18.8,4.38,0,3.39528833914571,0.353220065589994
"196",72.5613584755005,0.01381,32,2.97,1,10.6210542027382,NA
"197",37.4206029809182,0.04011,34.1,4.08,0,NA,2.96540785800705
"198",33.3782511801456,0.04666,36.6,8.61,0,3.92316911446955,NA
"199",41.4443117724575,0.03768,38.3,6.62,0,NA,0.729211044646046
"200",36.8783213021156,0.0315,15.3,4.56,0,3.14509244865361,1.27332523814403
"201",53.6342264470646,0.01778,13.9,4.45,1,10.1819021914043,3.35430099618363
"202",27.352432710433,0.03445,38.4,7.43,0,4.03263729489336,0.0720841600559652
"203",44.0700542186109,0.02177,15.7,3.11,0,2.97494051924645,0.211423592409119
"204",50.3213641283854,0.0351,33.2,3.81,0,3.01775092443476,0.127604852036771
"205",75.6212399278437,0.02009,31.9,2.88,1,11.3184009311925,0.113311011841025
"206",25.8065664963411,0.13642,22.3,10.87,0,4.00410195695681,3.53403100257224
"207",27.237414164818,0.22969,52.5,10.97,0,3.76657282208775,2.04062251535113
"208",24.9515567404663,0.25199,72.7,18.06,0,3.50111178089639,5.47058163844676
"209",43.2222321018085,0.13587,59.1,14.66,1,9.70109068656934,3.16218346951704
"210",33.9504400136297,0.43571,100,23.09,1,NA,1.09957925595876
"211",45.6870637460419,0.17446,92.1,17.27,1,NA,7.16512344735575
"212",35.0953167293386,0.37578,88.6,23.98,1,NA,NA
"213",44.9439954291812,0.21719,53.8,16.03,1,NA,0.938180813100189
"214",34.2598627940806,0.14052,32.3,9.38,0,5.54971296288404,1.74698684483735
"215",27.0415262084874,0.28955,9.8,29.55,0,4.08749691650486,3.44392938528884
"216",30.6577163432548,0.19802,42.4,NA,0,5.31870113056505,1.4347845397424
"217",45.4067100253157,0.0456,56,13.51,1,10.5134937164854,NA
"218",30.5226015638576,0.07013,85.1,9.69,0,3.01877588093055,0.906772399802866
"219",43.00513642079,0.11069,93.8,17.92,1,10.369459103731,NA
"220",50.4899387171312,0.11425,92.4,10.5,1,11.7238941306059,NA
"221",45.8839208499141,0.35809,88.5,9.71,1,NA,2.79890915368426
"222",36.7886412135473,0.40771,91.3,21.46,1,8.6858048601,3.76901983109124
"223",47.7547021772831,0.62356,77.7,9.93,1,NA,1.2525761697907
"224",32.9190699508808,0.6147,80.8,7.6,0,3.75437741235531,2.70730592765588
"225",46.1479119046188,0.31533,78.3,4.14,0,NA,1.53437242144719
"226",55.9206636480888,0.52693,83,4.63,0,5.4408931473099,1.75051023241806
"227",39.4224375008629,0.38214,86.5,3.13,0,3.01864000906275,NA
"228",37.5934714536318,0.41238,79.9,6.36,0,NA,4.09005057045674
"229",65.7828529029035,0.29819,17,3.92,1,9.76802254883338,NA
"230",33.3105788033717,0.44178,21.4,3.76,0,3.00880275472793,4.13874105761104
"231",27.3505901983055,0.537,68.1,11.65,0,3.90550265542446,0.211144849989781
"232",54.3209016343019,0.46296,76.9,5.25,1,10.6350603275914,1.27643960295245
"233",68.7729895299478,0.57529,73.3,2.47,1,11.6346442854837,2.34062629042867
"234",48.553061246294,0.33147,70.4,3.95,0,1.12485831617584,NA
"235",42.4206994094315,0.44791,66.5,8.05,1,8.1916724206451,0.911415306618437
"236",26.8172028130091,0.33045,61.5,10.88,0,3.7531338991629,1.86152262802312
"237",44.2536056340643,0.52058,76.5,9.54,1,9.78611404850369,NA
"238",51.7824548439085,0.51183,71.6,4.73,1,10.0703661412851,2.27902406350452
"239",45.9592663827454,0.08244,18.5,6.36,1,10.5497076695863,NA
"240",26.5236346564893,0.09252,42.2,7.37,0,4.01474448532486,0.584622928136819
"241",22.8660391973141,0.11329,54.3,11.38,0,2.08091229670315,0.334543043281883
"242",22.8560653602924,0.10612,65.1,12.4,0,3.7121862562999,3.3905177678794
"243",24.8694115910635,0.1029,52.9,11.22,0,3.65336255459511,1.6633033240214
"244",24.6334754967176,0.12757,7.8,5.19,0,NA,4.03988766462958
"245",34.9098184267987,0.20608,76.5,12.5,1,9.30317645398566,0.793245215900242
"246",23.2992347224272,0.19133,70.2,18.46,0,NA,15.7244681883464
"247",25.853635437966,0.33983,34.9,9.16,0,2.78714498902193,2.43737723667848
"248",23.3592462961953,0.19657,79.2,10.15,0,3.78103576827524,0.0217518415088447
"249",28.6665087684668,0.16439,49.1,9.52,0,4.56426816065117,4.31837553493977
"250",47.7927721205487,0.19073,17.5,6.56,1,NA,NA
"251",26.814521255514,0.1403,13,5.9,0,3.47456562430043,13.4453300798411
"252",29.3018173572816,0.21409,8.9,3.59,0,4.74437422495403,NA
"253",33.0096980636459,0.08221,6.8,3.53,0,4.12898175319648,NA
"254",48.8242308636908,0.36894,8.4,3.54,0,5.48827425685469,NA
"255",24.1275383518363,0.04819,32,6.57,0,NA,NA
"256",22.5123760041354,0.03548,19.1,9.25,0,2.83934499852996,NA
"257",47.7997825654636,0.01538,34.2,NA,0,NA,2.88706643496382
"258",52.8958388079781,0.61154,86.9,5.12,0,3.80515361580717,2.90387199735731
"259",38.7449870800287,0.66351,100,7.79,0,3.70471799198584,NA
"260",34.1439550200465,0.65665,100,6.9,0,4.49664042371994,5.84570399919683
"261",37.8228885434913,0.54011,81.8,9.59,0,4.4849127881662,4.34402472318566
"262",46.3301257723396,0.53412,89.4,7.26,0,4.01878450052975,7.37009532707644
"263",70.3547399461115,0.52014,91.5,5.91,1,NA,NA
"264",35.2962270530752,0.82526,94.5,11.25,0,4.63477456467692,NA
"265",41.0209477164326,0.55007,91.6,8.1,0,4.75444408760507,NA
"266",27.47271659158,0.76162,62.8,10.45,0,4.83358903485805,2.23482686934346
"267",35.6317570502026,0.7857,84.6,14.79,0,4.96576129621765,2.11413124565709
"268",55.6050330229298,0.57834,67,7.44,0,5.29387996791096,NA
"269",46.485247602903,0.5405,52.6,3.16,0,3.86344897915258,5.8114946397596
"270",40.6505395379515,0.09065,61.5,13.65,1,NA,0.892769176280126
"271",40.6053568674869,0.29916,42.1,13,1,NA,NA
"272",27.7345225119427,0.16211,16.3,6.59,0,3.55986131186506,0.149022275581956
"273",50.6972463130778,0.1146,58.7,NA,1,11.4667445931872,1.50839414447546
"274",57.9865506779353,0.22188,51.8,6.58,1,10.6739286764376,2.3647399105944
"275",60.9912210151167,0.05644,32.9,3.53,1,11.9564252632458,0.956367058679461
"276",33.5375908982026,0.09604,42.8,2.98,0,2.7727160855401,1.36522261309437
"277",52.1383125640501,0.10469,49,6.05,1,9.73095898769749,NA
"278",48.4315756229562,0.06127,27.6,4.16,1,8.75544848164735,0.893800765043125
"279",31.9310508868263,0.07978,32.1,7.19,0,3.76234693165468,0.359404342099407
"280",36.988840157803,0.21038,32.2,4.85,0,3.07314184329569,NA
"281",49.2917994728536,0.03578,64.5,3.76,0,4.4112353558009,1.41360678477213
"282",38.2897261010736,0.03705,37.2,4.59,0,3.8011354231819,17.927641820975
"283",64.4485044705585,0.06129,49.7,3.01,1,9.6042970774957,1.25311690033413
"284",70.3914838400227,0.01501,24.8,3.16,1,10.0973966545894,1.65366218774579
"285",34.5702305971078,0.00906,20.8,7.85,0,3.44255036063951,2.37958031463179
"286",23.8275158124997,0.01096,31.9,8.23,0,3.02284287757381,NA
"287",39.1578178673527,0.01965,31.5,12.93,1,9.76161304994023,1.74998344377357
"288",26.4979141520538,0.03871,31.3,7.14,0,4.06073524872889,NA
"289",24.6157694429136,0.0459,45.6,7.6,0,3.40277052040949,0.979774235747755
"290",26.3026724486148,0.04297,22.9,9.51,0,2.74105130252499,3.46382442152801
"291",29.8415710996197,0.03502,27.9,3.33,0,2.58995279843058,0.926044488794804
"292",42.5046606621458,0.07886,27.7,3.56,0,5.10130407942216,1.72771989251487
"293",30.1081441103831,0.03615,23.4,4.7,0,3.32275797371936,3.00315875083882
"294",25.9967040790413,0.08265,18.4,8.58,0,NA,4.28660947342819
"295",24.4502256861175,0.08199,42.3,10.4,0,NA,NA
"296",30.9458667218694,0.12932,31.1,6.27,0,3.42481147062827,0.584848538771986
"297",29.6291098873667,0.05372,51,7.39,0,3.55605813181304,5.46141193682486
"298",23.0194273461478,0.14103,58,15.84,0,3.68742955603748,3.88647942616129
"299",24.8079157854186,0.06466,20.1,4.97,0,3.39699557360515,1.50225142243578
"300",30.6890430822904,0.05561,10,4.74,0,2.90606527997082,1.87547328754903
"301",29.2456908940977,0.04417,47.4,6.07,0,4.71470619132183,0.41725818766281
"302",25.0282684005568,0.03537,40.4,9.5,0,3.89118773676931,5.51306367354626
"303",27.7068337990792,0.09266,18.4,8.67,0,NA,0.138313279021531
"304",37.7197641649685,0.1,17.7,4.86,0,4.80612326359221,NA
"305",37.1216690946537,0.05515,41.1,6.93,0,NA,1.45635607535951
"306",30.9900991029635,0.05479,58.1,8.93,0,NA,0.494343418395147
"307",36.1564087555652,0.07503,71.9,6.47,0,NA,8.84844651814134
"308",30.0746698496121,0.04932,70.3,7.53,0,3.06159259994864,NA
"309",26.4768178986211,0.49298,82.5,4.54,0,4.28766713879535,1.70448883902282
"310",38.6866086269596,0.3494,76.7,9.97,1,9.5881720434501,2.49686721003357
"311",17.3446047101008,2.63548,37.8,12.64,0,2.49459887567199,2.17584442336786
"312",28.1925279042322,0.79041,52.8,5.98,0,5.51929701331257,NA
"313",23.2148528964894,0.26169,90.4,11.72,0,4.36740935595085,3.37634219777513
"314",28.0976862958723,0.26938,82.8,7.9,0,5.69986240880968,NA
"315",28.1137131127496,0.3692,87.3,9.28,0,4.64419697727692,NA
"316",17.2692528166347,0.25356,77.7,11.5,0,2.3121989713633,1.15185190690681
"317",22.1201226577949,0.31827,83.2,18.33,0,NA,5.63440173367196
"318",23.7583540144487,0.24522,71.7,15.94,0,NA,5.51286891536945
"319",28.1527426772262,0.40202,67.2,10.36,0,NA,0.685859835939482
"320",35.1886511591726,0.47547,58.8,12.73,1,8.42278195110518,3.36592666095796
"321",28.9510807924002,0.1676,52.3,NA,0,5.0749782228105,1.87192431508767
"322",27.0753049210743,0.18159,54.3,6.87,0,4.45830961300034,1.47035509464331
"323",24.6903191795357,0.35114,49.9,NA,0,4.63158675808611,6.34250248285169
"324",20.8386420103676,0.28392,74.3,11.74,0,NA,1.99968972698528
"325",31.2366403762093,0.34109,40.1,6.12,0,NA,3.69084506740278
"326",25.5999455144051,0.19186,14.7,5.08,0,2.23600705992295,0.817380475345999
"327",39.9380254313903,0.30347,28.9,6.15,1,9.20272389876777,NA
"328",23.0983526466057,0.24103,43.7,12.79,0,2.11937802975977,1.40268073650077
"329",20.7669571472955,0.06617,25.8,9.97,0,NA,NA
"330",27.4209727782601,0.06724,17.2,7.34,0,4.90967044630293,1.41887546167709
"331",21.4730154389182,0.04544,32.2,9.09,0,2.89224431792869,NA
"332",19.7149120306803,0.05023,28.4,12.43,0,3.61587612528438,NA
"333",35.2553998855694,0.03466,23.3,7.83,1,8.90376321719344,4.09306701251721
"334",25.53374474448,0.05083,38.1,NA,0,4.08273483371136,1.84862516344267
"335",41.9522458515777,0.03738,38.5,6.75,1,10.3083087486691,1.36895683826879
"336",23.5726164913077,0.03961,34.5,NA,0,3.51611752598498,0.473795352736488
"337",20.2336433113378,0.03427,46.3,9.8,0,1.91525887458824,6.51367252195412
"338",23.8407910059466,0.03041,59.6,10.56,0,5.16758696392551,4.13509457816786
"339",23.6782592066537,0.03306,37.3,8.51,0,3.92317422927769,1.00545357447118
"340",40.4029572301124,0.05497,45.4,9.74,1,10.344795123663,1.92469521415162
"341",22.8049436037496,0.06151,58.5,9.29,0,4.53042139527307,NA
"342",35.9078588925528,0.01301,49.3,5.49,0,4.00490879581097,0.31332646147348
"343",18.9078587860519,0.02498,59.7,8.65,0,3.46976857012964,2.6846330751546
"344",29.9827508433766,0.02543,56.4,7.18,0,NA,0.372375349647295
"345",35.8377303003553,0.03049,28.1,4.61,0,4.81545963556716,1.54903438757174
"346",44.1326955967552,0.03113,48.5,10.53,1,11.5396480875188,11.3062135589527
"347",18.4434866439391,0.06162,52.3,12.67,0,2.49347813699974,0.874947780976072
"348",24.7163249150896,0.0187,27.7,6.36,0,2.84281982817199,0.707163943590826
"349",30.121296950606,0.01501,29.7,5.99,0,5.30155493728303,1.53925656923093
"350",28.5150118025794,0.02899,34.5,5.89,0,3.09435922492796,8.61294561955047
"351",41.6036591510443,0.06211,44.4,5.98,1,9.67048580761182,0.862031076528425
"352",48.0734458750885,0.0795,35.9,5.49,1,10.9483893507421,4.99017611124969
"353",36.7289148363667,0.07244,18.5,7.79,1,9.5207444132186,0.904986596433446
"354",44.4994292203277,0.01709,36.1,4.5,1,8.4851132049984,0.236520918551832
"355",21.4249500138753,0.04301,21.9,8.05,0,4.01556348092975,NA
"356",21.923031453796,0.10659,19.5,5.57,0,2.5719948034512,2.3146979160488
"357",39.5759110445375,8.98296,97.4,17.6,1,10.4345366558697,4.2469591971249
"358",39.6758370016126,3.8497,91,13.27,1,9.48046333298446,0.306840184502194
"359",39.5010616238425,5.20177,83.4,11.48,1,9.16544096698094,0.925523583915293
"360",26.9954307364483,4.26131,81.3,12.67,0,4.68797970156033,1.3549055356998
"361",42.0879126835347,4.54192,88,7.79,1,NA,7.19613702925754
"362",24.1213282987849,3.83684,91.1,14.19,0,NA,NA
"363",23.5821096758217,3.67822,96.2,10.19,0,3.72968475599592,NA
"364",41.3954175540208,4.22239,89,14.64,1,NA,NA
"365",48.684240725911,3.47428,82.9,5.29,1,11.5724329174791,0.37788022425957
"366",51.7324140556343,4.55587,87.9,7.12,1,11.0073643656495,0.0837507750838995
"367",28.0695522119145,3.69695,91.4,14,0,5.55407607614196,0.790242911316454
"368",25.5349836386489,13.5222,100,13.33,0,3.48925754183386,0.441982900956646
"369",52.7500860593567,4.89822,100,3.26,0,NA,5.89558705190355
"370",68.9222910855336,5.66998,96.8,3.73,1,9.72684200692434,NA
"371",65.1043339335903,6.53876,97.5,2.96,1,8.69032045830021,0.510773556199508
"372",55.2049342703381,9.2323,100,9.53,0,5.10143816503647,0.934155326103792
"373",70.9002031454763,8.26725,89.6,8.88,1,10.2225738308599,3.24113458617333
"374",17.775939099353,11.1081,100,34.77,0,4.45866521469879,3.20127931180152
"375",38.5016794261575,18.4982,100,37.97,1,NA,NA
"376",38.4898234648158,19.6091,97.9,13.44,1,10.8373943973669,4.58915338364846
"377",18.6082023244514,15.288,93.3,23.24,0,4.85190803934461,0.600703236054506
"378",19.2758683106076,9.82349,98.8,21.24,0,5.46619991886849,1.7104322090745
"379",16.7020751331701,23.6482,96.2,23.69,0,4.24386329490601,11.1388662171768
"380",14.5234248639123,17.8667,100,21.78,0,NA,3.55004919099585
"381",12.6564174483121,88.9762,91.9,17.21,0,NA,0.380142497360361
"382",14.8862802087774,15.8744,99.1,21.08,0,4.46445977066511,10.9170935762333
"383",14.0244002678734,9.18702,100,23.6,0,3.69079955285664,NA
"384",17.8672789041511,7.99248,100,24.56,0,5.27602070890132,1.33725425810553
"385",11.9242754136614,20.0849,91.2,30.63,0,3.9523887800047,7.09450028794718
"386",10.4483430815884,16.8118,98.1,30.81,0,4.03010116596869,1.37476032134145
"387",13.6942741316573,24.3938,100,28.28,0,3.99641972999413,3.17246425187889
"388",8.1725809390633,22.5971,89.5,31.99,0,1.96542735691669,1.42408629297279
"389",12.0086263554809,14.3337,100,30.62,0,3.00718003741119,7.09805546286416
"390",32.7778512327949,8.15174,98.9,20.85,1,NA,2.89438373165879
"391",22.2135205825563,6.96215,97,17.11,0,5.9638580560558,5.11950470020479
"392",44.0987484628846,5.29305,82.5,18.76,1,10.2222180721418,0.764395695836455
"393",14.1302826182509,11.5779,97,25.68,0,NA,1.51934058289044
"394",30.5678758255387,8.64476,92.6,15.17,1,9.15638461007911,4.27840145283794
"395",15.9637947883499,13.3598,94.7,16.35,0,4.03967497971674,NA
"396",16.0513958852447,8.71675,98.8,17.12,0,3.84148141037066,2.71873472713608
"397",15.4456534206759,5.87205,96,19.37,0,3.83774244880757,1.91165960496519
"398",30.3146139359645,7.67202,98.9,19.92,1,10.4438053256379,6.72172016898328
"399",8.94062799267408,38.3518,100,30.59,0,4.43882191165296,NA
"400",10.871017144201,9.91655,77.8,29.97,0,4.78069929204977,NA
"401",25.8238111072354,25.0461,100,26.77,1,NA,6.98774577446401
"402",9.02262389929564,14.2362,100,20.32,0,NA,3.36735199893567
"403",15.0774721329594,9.59571,100,20.31,0,3.85841426816728,NA
"404",9.80563396161927,24.8017,96,19.77,0,2.7437510470333,2.39084609429078
"405",11.0503600974497,41.5292,85.4,27.38,0,3.57096632401489,NA
"406",9.06581268377878,67.9208,100,22.98,0,4.50877626622722,NA
"407",13.2036743969799,20.7162,100,23.34,0,2.55311025709811,0.764374708523974
"408",48.1728136072353,11.9511,100,12.13,1,10.067972389522,1.27362017636187
"409",22.239101807495,7.40389,97.9,26.4,0,5.01951282869911,0.443531909259036
"410",32.8634697563351,14.4383,100,19.78,0,5.17854697590699,2.90184865695167
"411",18.18360702412,51.1358,100,10.11,0,3.98974123479203,0.0469551305286586
"412",20.8442316580961,14.0507,100,21.22,0,NA,3.85031817459917
"413",37.1003107396539,18.811,100,34.37,1,9.79803825764471,NA
"414",22.0074544948361,28.6558,100,20.08,0,NA,4.44215415490276
"415",9.33434898729295,45.7461,100,36.98,0,3.41639355702248,NA
"416",9.07639270857678,18.0846,100,29.05,0,3.06299910918758,2.07016475488174
"417",9.12204188664801,10.8342,90.8,25.79,0,2.8478429439209,1.23769241617993
"418",12.2299030554268,25.9406,89.1,26.64,0,3.0248165691714,0.314250973751768
"419",24.4361388495493,73.5341,100,20.62,1,8.84198474595757,0.326929977163672
"420",10.5629601043354,11.8123,76.5,22.74,0,3.28858640173511,0.666659144917503
"421",20.5227237398814,11.0874,100,15.02,0,4.37191247618326,1.31962084000353
"422",16.0684208234449,7.02259,95.3,15.7,0,3.05648558269535,4.02017885332412
"423",38.4992958347656,12.0482,87.6,14.1,1,9.40725672945242,2.91084763117808
"424",16.1760677910394,7.05042,85.1,23.29,0,3.72563269193259,0.0480606193862446
"425",34.8816327705299,8.79212,70.6,17.16,1,10.766065384004,1.76452905970583
"426",11.7519216937358,15.8603,95.4,24.39,0,4.15446849412518,1.54699779547516
"427",11.6702802923244,12.2472,59.7,15.69,0,2.71134679847895,NA
"428",31.0560155462617,37.6619,78.7,14.52,1,10.0389281166521,0.951360887847841
"429",16.8733339883393,7.36711,78.1,21.52,0,NA,0.743860629154369
"430",15.1683576144253,9.33889,95.6,24.08,0,5.32370059940701,6.3564115433597
"431",15.4636262707069,8.49213,86.1,17.64,0,2.19502422618397,0.477847923757508
"432",16.5723534188773,10.0623,94.3,19.69,0,3.51593047348588,0.222946723579926
"433",18.7307185584506,6.44405,74.8,12.03,0,3.62678821993411,0.696563726042374
"434",17.7762554520035,5.58107,87.9,16.22,0,4.16908590221134,2.88809295500371
"435",13.2984043419822,13.9134,95,15.17,0,2.82701639717762,0.364149886881933
"436",16.0263900178425,11.1604,94.6,23.27,0,3.62380326303906,6.33746864092183
"437",14.1756620034244,14.4208,93.3,18.05,0,NA,4.16735868414348
"438",28.7586301557238,15.1772,100,26.45,1,10.0146468124752,1.97350399874846
"439",27.6616749303107,13.6781,87.9,34.02,1,9.81368303194847,1.08860667794943
"440",38.7946942422395,9.39063,93.9,22.88,1,11.400590827286,2.56707866432819
"441",15.4823581980361,22.0511,92.4,22.11,0,4.9911713044315,0.147136920131743
"442",20.6773694337767,9.72418,97.2,19.52,0,NA,0.467493743635714
"443",22.1616552302064,5.66637,100,16.59,0,4.33685094867599,1.29944505984895
"444",17.6482106534515,9.96654,100,18.85,0,3.35276800081032,7.60714456397009
"445",30.8740106237159,12.8023,96.6,23.79,1,10.0184855701139,0.655899761477485
"446",32.8092037770464,10.6718,94.8,23.98,1,10.2491960116505,4.37273201045996
"447",17.4301557412992,6.28807,96.4,17.79,0,3.55679331793343,1.03628292912617
"448",17.9287362479482,9.92485,96.6,16.44,0,NA,1.88009069756347
"449",17.4049279434102,9.32909,98.7,18.13,0,4.06505101038734,5.91150167832309
"450",15.201204271149,7.52601,98.3,19.31,0,NA,NA
"451",19.7491611849264,6.71772,92.6,17.44,0,5.63434165849319,1.25407061073929
"452",17.5326509366867,5.44114,98.2,17.73,0,3.41515075559389,4.37024641295379
"453",21.3632486740371,5.09017,91.8,NA,0,5.12993600059353,3.702888048887
"454",21.9974805997837,8.24809,99.3,16.74,0,NA,0.798266566125676
"455",35.5013363082876,9.51363,94.1,18.71,1,10.1492207356741,NA
"456",17.935641553469,4.75237,86.5,18.13,0,4.37929306707657,1.71483747661114
"457",15.4221265768988,4.66883,87.9,19.01,0,3.68925912406463,NA
"458",18.275361448979,8.20058,80.3,16.94,0,4.88639000130924,2.73768818461078
"459",16.012160371545,7.75223,83.7,16.23,0,2.35813525009169,NA
"460",21.8137496677914,6.80117,84.4,14.7,0,3.01143625849143,2.23116838362741
"461",19.2215020475351,4.81213,90,16.42,0,3.75599657050905,NA
"462",21.1545618339697,3.69311,88.4,14.65,0,4.15605692572279,1.29334774217568
"463",35.8326309101705,6.65492,83,13.99,1,9.03676681954627,3.38020580810237
"464",39.9350164701012,5.82115,89.9,10.29,1,9.93353322592249,3.47737852239347
"465",46.8789218325202,7.83932,65.4,13.22,1,11.2869220411324,1.73388632003892
"466",41.7744767882796,3.1636,48.2,14.13,1,10.4581252594047,3.99959957980429
"467",22.3653660536927,3.77498,84.7,17.15,0,4.10205195828424,0.291156934728067
"468",21.8565933654752,4.42228,94.5,21.32,0,NA,NA
"469",21.8480808300745,15.5757,71,18.13,0,3.70680511362177,4.79684033410108
"470",24.0952450345,13.0751,56.7,14.76,0,4.46947705805722,0.0174096901901066
"471",34.5135640704923,4.34879,84,16.29,1,NA,5.94309000732535
"472",21.8276630876635,4.03841,90.7,12.87,0,3.33741148771279,1.47348275291733
"473",23.8549502177405,3.56868,75,14.36,0,NA,0.356736150570214
"474",33.0061704463872,4.64689,67.6,11.66,0,NA,0.199894423964981
"475",34.1105654732492,8.05579,95.4,18.14,1,10.0773422769223,4.18558285084969
"476",18.0296425917434,6.39312,97.4,24.1,0,4.86294282906113,2.58441129688847
"477",21.6605249412764,4.87141,93.6,18.68,0,4.98022335908562,0.42783416718598
"478",14.7502610346484,15.0234,97.3,24.91,0,3.70827522889576,1.30569800905601
"479",17.7031229675136,10.233,96.7,18.03,0,NA,0.757740780245513
"480",27.4761386543952,14.3337,88,13.11,0,NA,9.48900578025371
"481",25.2530720218135,5.82401,64.7,10.74,0,3.35639093507708,6.53376495899791
"482",26.693908838516,5.70818,74.9,NA,0,3.86904952056443,0.790593261880343
"483",47.3022776352502,5.73116,77,7.01,1,10.5598952729774,1.43371930462308
"484",25.8234243563579,2.81838,40.3,10.42,0,4.4852114534088,NA
"485",22.8509601794944,2.37857,41.9,13.34,0,3.35481756545299,2.35989995755929
"486",40.9013371178326,3.67367,51.9,10.58,1,9.92505343004072,0.148809046950191
"487",21.600721123324,5.69175,79.8,14.98,0,3.53604378035962,4.6257246469841
"488",24.7719539588994,4.83567,53.2,11.45,0,4.56724969697266,0.16202820581384
"489",17.3472112447737,0.15086,92.7,18.06,0,3.2765921662405,NA
"490",10.970981431196,0.18337,98.3,23.97,0,4.45588455370872,0.0512408092617989
"491",9.67031407160365,0.20746,98,29.68,0,2.80206537361609,1.46097843185998
"492",14.3855216664205,0.10574,98.8,18.07,0,1.98181944992533,2.22897460573016
"493",43.3533139282715,0.11132,83.5,13.35,1,10.7826976977636,9.43231688847523
"494",26.0683688676846,0.17331,54,12.01,0,4.61972340496952,1.39957178500481
"495",27.4909582754983,0.27957,42.6,13.59,0,NA,2.03760707973245
"496",25.6419009856895,0.17899,28.8,17.6,0,NA,5.90210197830323
"497",22.1196387986204,0.2896,72.9,21.14,0,3.47824582125847,5.78484922145997
"498",23.2845887449183,0.26838,70.6,14.1,0,4.99228842562121,2.3541884193078
"499",22.8989525081312,0.23912,65.3,12.92,0,2.91457759214884,2.4334336633644
"500",22.4199875206636,0.17783,73.5,15.1,0,NA,2.1953073782416
"501",36.1152886308102,0.22438,79.7,14.33,1,9.8273314360538,4.86631689952583
"502",24.1534917154091,0.06263,69.1,9.67,0,2.96098945912432,NA
"503",23.5832529337581,0.04527,76.7,9.08,0,NA,NA
"504",26.7656864720522,0.06076,91,5.64,0,3.78529158193411,8.15528070512128
"505",26.1837803389286,0.10959,89.3,6.48,0,4.57371858498562,NA
"506",12.8888355298306,0.04741,80.8,7.88,0,2.22355068508745,0.165904329450339
